{"file_hashes":[{"block_hashes":["VZehXqAzSER9BfGCVYT1tBpw7Moy92GnIcxd6cESr10="],"block_size":4096,"path":"@types/index.d.ts"},{"block_hashes":["IiCixkGfHTgkEsr3TXjfg7Rzyk3pKrNSVW2zwSjNYuE="],"block_size":4096,"path":"background.html"},{"block_hashes":["mYlUz1/el30/hgQtndIJc5GMyVkOfzc9vrKIOAsKnZY="],"block_size":4096,"path":"background.mjs"},{"block_hashes":["UZcJgBBKvWEbTlghzALaURCmTMbfDmrAvhGKmYP0xYQ="],"block_size":4096,"path":"donation.css"},{"block_hashes":["jLgz0oL4OGBbB/NQvbF1HS+8q2TP0C6/ZRdBkjJVU2k="],"block_size":4096,"path":"iconfont/material-icons.css"},{"block_hashes":["No8jMgt/bZX1n83orN/PGEIShCpIuKASGXWuKjporT0=","njOxmHPpYrNfOM2Id89xoci65sAu/KOxwAfuxvcw9X0=","ZR2HEVWWOthCUeKycwUPujKVm8AzvSNueOmKM4ZqEJI=","lyqHcC5no7EMg6BeJ5N2wkhUyk54B+R0K4DQtpEJNmM=","i/ITFcBIeqdJF1888EQYdkYKTgwpNYslTU/xrjDNfz4=","dRQanyf/zwkVeCA8qc0Wp6tMLKAYVEW0bHSgxyDOzwg=","8Zfo1HMZRS+a4pcP+neh7TwaP09P2nQTDW/bDWNedtQ=","8Khj8einlrShteOtt2sE2+jH0zjAvUeGxV517RNe9lA=","n2JKVwXGOi3iuPkhlAQuQ2n4n8UZyK9mRPXLvYk7cv8=","ExEt1xj7d43xTuGOSrSBON+ZNcV4v9PXeE2JdqGn0Ug=","Aahz7Xuq+wIJt2zG3syFhLY8fRBFcILiPuo4qDdmi8s=","N8oFdVD01T4eTlhwslDs3NM0xOn96ohFbWxexj5RphY=","egMyrkYq40IYE4+RQJKwDUntufES+dhmxRwMDyd5GUQ=","UgZvXuGxpffXavmkV19A7BLV3VnEVzfeXpCRvBDfnbY=","8uVds6S4y1Ld225cprFAy072AoKxWbTI7aY9OLZEEvs=","FDi4USdEnwjMZI2t/fZ5hVIevElZHqv+g8Fg4Jw26Kw=","lJEkygzZ+d1+IWoN1w/lMuLuS2fUIBkzjpwj97d91lc=","o75iRGgcLkByaeDbz/6Gvr0IGi5FV6JHLQ2LYvAFJDk=","BgTQBB7D3WEUOcG99Pgxm/2wvaXE5WBw98SCOhYoO2Y=","8AUMRpFHXNvmniLZEDIfA+lzxsvxBHikM1JcMYjVHcs=","0YI9VdaMU0rkomOWB4TTIv6zs5ozEKsg9snSqJMJ+ec=","txiys9MQPh9OKYYjCGYM7MrchcN5ZV/JXcEkgvqKXJc=","3XcJjkD9obHmtCaBqf+SK8eQfo96TffDZVhG62rfjnU=","FdaewpV+VJKpgfSUFZ/kuhAj7aLDeH047PsoD19AjEU=","bEixfSddYVxZbPbrpkB3anv0u9VHjpCTgGl+HMhq4dM=","sdmIWy8QN8M46QPizu0ffpixHdPuJNJMmOI+60dXbxE=","s2U2eMMUz8krH9jxOHrISdQ8AZEFvnbOhxMgsYOAfUs=","IQ6NMsTD9ekESDlhj6TGU5cLBrrgB8rQI02QNiH8A38=","Ss/7eHJLQkcsKzyJsHdsY9M03De248REGW0A3z939E8=","cZ5EznlnWx2C8/3efTGWSobgpKuEYPJUrYair5OU83E=","imLpUHVmywfNHfBEMB+J8sHIr9lxtFHyaKj2ZeYiI/E=","9krEm3DFycGRK8jUa4+Tf+StBCsBqVT+pKHdl4BlZAE=","s3Lp+bdAv+YpaiVEp5aqkns2B+fNWuhrQCTWZAVZ/Ig=","9+tu5sEDpEwwrvH8J8eUKv7AREZhTa4fgYUuzI3im5g=","5Faqpqtzojn55vlxteOy54NZjVtZD1kbcDS8aH+SLG8=","ATWNGmlGaR7I6r+zKmvu/aJ0bRtDE6qvkc/57ZeLzvg=","IYMo+7pUPWKdZJ//eN4stk65L1p+W6d/2vQ+tdc13hs=","iBvx/iP3xqb3ErjHkbhTe46hfG21BcgeBdq6z5wK2Lw=","HaZ/upn7I8dgsRP3I0ypGIgz11X4HprYceHGZDRM3Nk=","KuJ+hKgH7yHJVjIaF4QtQ6HrUpsqSwnLl0paQocRh9c=","+IM+44rTRfD8IqpjFM6h1L4ApPkD4x3+2S39FYIZiEo=","0LLMfVDOFdGDlaSxvcexIbd3k/bUWLSIIsUIEc24D5U=","rBHR9SKc2Tx4fu99s/CmXqjKahc9om7H4vuXi5ZwkUI=","OBzu8cC2YY52h7Uu3Q3M2Ge/uX1XyQcttNcsmBdnAcA=","KeT5sOmO7jYI9z6So6OQL6PytbiAA9xewxvTHMyoFGI=","iUyx3JTXzO4O+rd0/lFraUd/jmdTjTE6xSFN5kmp0nk=","6PiUCxMntBTnM1dvScZ8HZqKXoXn2PuUYSR8mhGpPG0=","TbROi8p9NNihaIrgRoujSJHRSB2/3HXLwdGmTGrJTuc=","BBBk9ffCp/oYcoB2UWd3Ovo+muKXAiy5HtFeqSTj9IA=","d6xq6bnzJY+QhwgGxsfbAObln6JOJRDBo0FT0a0+Nfg=","dlxMuVNCw3SwfxDstz1OkG3sx8laqEnluiWGrlyxN2k=","V1vTIgzmdfe9+xwGNNJW5Pw0W2EJVcGXGsdUZoIs/ac=","izHnsbYkuyAGH/9USYzIaRTYagb9MfjpIGDstx7ifYc=","y0VHqKuk7tjc6EmqUco/PJCGlidM8oLAi8Gg0IpFmF0=","Z9IgCqo0fy5+eKf+MEXPEduhF+cYJ/mYXkUMACXeDoI="],"block_size":4096,"path":"iconfont/MaterialIconsOutlined.woff2"},{"block_hashes":["JrW4uuYUgE4pHPfWF/A8DqaiBLAsuHgLtYOHIzYav1Y=","5tDcpnA4u2Sdtq7xrxNcBXQr+HVzfCuN6RCRmUiQ9Gs=","tPrAwsGSnH40vdiV0oUX2iUOJdjTZCa+ssDK9hdQcDc="],"block_size":4096,"path":"images/bmc-logo.svg"},{"block_hashes":["Ik0EjJoSxWrFMF0BzWS3xlhuEl17dv6AurXh5cnT+dE=","XlsjG3155KVe7FwgWJ1w1t5Lkb/OmuvoScZgBDu54s0="],"block_size":4096,"path":"images/paypal-logo.svg"},{"block_hashes":["JkA1gT2qgnoBIoHnGYuMRbNS3Q1xxKSFC5C1P8aAmiE="],"block_size":4096,"path":"modules/cookie_format.mjs"},{"block_hashes":["2Hm3IK0uf+fIYJy/zFH7ZFrwJSQiiQZ5Z+rcqXJU1ds="],"block_size":4096,"path":"modules/get_all_cookies.mjs"},{"block_hashes":["HDD5VHctgOqQF/HkOBqmDf0JN1O2ixzqgUFFRYgT45I="],"block_size":4096,"path":"modules/save_to_file.mjs"},{"block_hashes":["mn9tWu3ic6eMCVOMm/QIznG49WzWbDQr7okfITOWWA0="],"block_size":4096,"path":"popup-options.css"},{"block_hashes":["pq9VmsnJa8fq09X5JrUuUm6PTqPLALHYKT0j0MvGbtc="],"block_size":4096,"path":"popup.css"},{"block_hashes":["R/jeMBugT67k+KtilgVLeyVFz6bz4PrWSn0vBdS4Ymo="],"block_size":4096,"path":"popup.dark.css"},{"block_hashes":["MWxa5LHaZCIRu276JBfudwcRP4clu2MOARQjX+VgyYg="],"block_size":4096,"path":"popup.html"},{"block_hashes":["4ePBaPfbB4SpWzYyBZ6Dsi+XfeoUSpO3tHIQsB+U33c=","ue+K6BMl0BRT1bhk7ZaKzl+vavnkq22AH1iTSAZbGvw="],"block_size":4096,"path":"popup.mjs"},{"block_hashes":["xZ2chDlWzTokJvVF9ufnHrnPnVL2EtUM4g9lNOebzrM="],"block_size":4096,"path":"table-nowrap.js"}],"version":2}